species	method	k	threads	cputime.sm	mem.sm	hostname	cputime.gnu	mem.gnu
bombyx	bc	11	1	654.4828	2903.89	compute-a-16-105.o2.rc.hms.harvard.edu	653.97	3435.104
bombyx	bc	12	1	1010.3656	2960.57	compute-e-16-187.o2.rc.hms.harvard.edu	1008.29	3144.98
bombyx	bc	13	1	2104.4425	2579.85	compute-e-16-188.o2.rc.hms.harvard.edu	2096.09	2980.404
bombyx	bc	14	1	5135.8212	4130.46	compute-e-16-189.o2.rc.hms.harvard.edu	5120	5526.744
bombyx	bc	15	1	8609.227	7116.73	compute-e-16-187.o2.rc.hms.harvard.edu	8578	9934.684
bombyx	bc	16	1	10596.1943	11163.26	compute-f-17-11.o2.rc.hms.harvard.edu	10538	13588.44
bombyx	bc	17	1	10667.3401	13723.20	compute-a-16-87.o2.rc.hms.harvard.edu	10646	15962.668
bombyx	bc	18	1	8689.5179	11604.05	compute-e-16-185.o2.rc.hms.harvard.edu	8683	17338.6
bombyx	bc	19	1	9156.4278	11932.13	compute-e-16-187.o2.rc.hms.harvard.edu	9151	18114.148
bombyx	bc	20	1	8953.7105	18036.14	compute-e-16-239.o2.rc.hms.harvard.edu	8950	18584.412
bombyx	bc	21	1	9071.0475	18392.68	compute-a-16-60.o2.rc.hms.harvard.edu	9068	18907.852
bombyx	bc	22	1	8521.5334	12049.77	compute-e-16-182.o2.rc.hms.harvard.edu	8519	19161.304
bombyx	bc	23	1	9218.8377	17831.01	compute-a-16-58.o2.rc.hms.harvard.edu	9217	19379.932
bombyx	bc	24	1	8670.0211	16804.68	compute-e-16-187.o2.rc.hms.harvard.edu	8666	19578.248
bombyx	bc	25	1	7998.2329	14182.09	compute-e-16-188.o2.rc.hms.harvard.edu	7996	19761.804
bombyx	bc	26	1	8245.7564	12324.91	compute-e-16-182.o2.rc.hms.harvard.edu	8244	19936.072
bombyx	bc	27	1	9517.0621	14568.32	compute-a-16-53.o2.rc.hms.harvard.edu	9515	20102.172
bombyx	bc	28	1	8543.9353	19025.68	compute-e-16-184.o2.rc.hms.harvard.edu	8542	20260.388
bombyx	bc	29	1	8167.6947	15507.19	compute-e-16-181.o2.rc.hms.harvard.edu	8166	20414.348
bombyx	bc	30	1	8836.7975	18348.20	compute-e-16-241.o2.rc.hms.harvard.edu	8835	20560.796
bombyx	bc	31	1	9301.4329	19122.18	compute-f-17-13.o2.rc.hms.harvard.edu	9297	20700.976
bombyx	bc	32	1	15655.2513	23357.88	compute-e-16-187.o2.rc.hms.harvard.edu	15653	26034.892
bombyx	bc	11	4	473.8701	2886.42	compute-a-16-118.o2.rc.hms.harvard.edu	473.29	3042.932
bombyx	bc	12	4	744.3452	2595.43	compute-a-16-136.o2.rc.hms.harvard.edu	742.27	2724.616
bombyx	bc	13	4	1776.0336	2441.97	compute-a-16-151.o2.rc.hms.harvard.edu	1768.72	2530.868
bombyx	bc	14	4	3989.3671	2333.47	compute-f-17-12.o2.rc.hms.harvard.edu	3933	3269.684
bombyx	bc	15	4	5121.2629	3468.29	compute-e-16-183.o2.rc.hms.harvard.edu	5083	3734.52
bombyx	bc	16	4	5141.8505	3351.27	compute-e-16-191.o2.rc.hms.harvard.edu	5107	4558.828
bombyx	bc	17	4	4519.7577	3400.15	compute-e-16-185.o2.rc.hms.harvard.edu	4507	4912.132
bombyx	bc	18	4	4506.8188	3443.09	compute-a-16-99.o2.rc.hms.harvard.edu	4498	4971.132
bombyx	bc	19	4	3371.9702	3475.38	compute-e-16-181.o2.rc.hms.harvard.edu	3366.38	4393.38
bombyx	bc	20	4	4608.3846	3712.43	compute-a-16-80.o2.rc.hms.harvard.edu	4596	4174.82
bombyx	bc	21	4	3340.9557	3434.80	compute-f-17-11.o2.rc.hms.harvard.edu	3333.58	4701.148
bombyx	bc	22	4	2957.8665	3409.69	compute-e-16-189.o2.rc.hms.harvard.edu	2956.17	5707.38
bombyx	bc	23	4	3015.1114	3406.15	compute-a-17-104.o2.rc.hms.harvard.edu	3013.51	4976.188
bombyx	bc	24	4	3262.8326	3434.34	compute-a-17-123.o2.rc.hms.harvard.edu	3261.14	4754.628
bombyx	bc	25	4	2896.2407	3391.41	compute-f-17-15.o2.rc.hms.harvard.edu	2891.27	5753.248
bombyx	bc	26	4	3126.5598	4351.45	compute-a-16-134.o2.rc.hms.harvard.edu	3125.03	5307.78
bombyx	bc	27	4	2636.2764	3381.59	compute-e-16-185.o2.rc.hms.harvard.edu	2634.9	5097.22
bombyx	bc	28	4	3153.843	3697.82	compute-a-17-63.o2.rc.hms.harvard.edu	3152.37	5237.648
bombyx	bc	29	4	2800.4318	3378.51	compute-e-16-183.o2.rc.hms.harvard.edu	2798.95	5377.692
bombyx	bc	30	4	3266.2548	3436.36	compute-a-17-76.o2.rc.hms.harvard.edu	3264.53	5060.356
bombyx	bc	31	4	2665.0567	3383.34	compute-e-16-181.o2.rc.hms.harvard.edu	2663.66	5216.424
bombyx	bc	32	4	5458.6105	4742.62	compute-a-17-63.o2.rc.hms.harvard.edu	5457	6846.484
bombyx	pa	11	1	137.0545	105.61	compute-a-16-123.o2.rc.hms.harvard.edu	136.99	106.208
bombyx	pa	12	1	171.5945	346.77	compute-e-16-189.o2.rc.hms.harvard.edu	171.52	356.532
bombyx	pa	13	1	211.6017	1275.59	compute-a-16-145.o2.rc.hms.harvard.edu	211.54	1304.328
bombyx	pa	14	1	238.231	3838.21	compute-e-16-181.o2.rc.hms.harvard.edu	238.18	4085.764
bombyx	pa	15	1	346.9786	7169.83	compute-e-16-242.o2.rc.hms.harvard.edu	346.93	8279.008
bombyx	pa	16	1	427.2812	8951.13	compute-e-16-186.o2.rc.hms.harvard.edu	427.23	9164.032
bombyx	pa	17	1	430.4092	10111.94	compute-e-16-192.o2.rc.hms.harvard.edu	430.35	10352.696
bombyx	pa	18	1	663.561	10782.90	compute-a-17-76.o2.rc.hms.harvard.edu	663.5	11039.756
bombyx	pa	19	1	523.8414	11161.62	compute-a-16-111.o2.rc.hms.harvard.edu	523.78	11427.568
bombyx	pa	20	1	563.5239	11391.05	compute-a-16-111.o2.rc.hms.harvard.edu	563.47	11662.508
bombyx	pa	21	1	606.8664	11549.05	compute-e-16-243.o2.rc.hms.harvard.edu	606.82	11824.3
bombyx	pa	22	1	503.0959	11672.88	compute-e-16-241.o2.rc.hms.harvard.edu	503.05	11951.108
bombyx	pa	23	1	693.9255	16402.62	compute-a-17-106.o2.rc.hms.harvard.edu	693.89	16794.348
bombyx	pa	24	1	542.2211	16402.81	compute-e-16-186.o2.rc.hms.harvard.edu	542.17	16794.548
bombyx	pa	25	1	568.3595	16402.28	compute-e-16-241.o2.rc.hms.harvard.edu	568.31	16794.016
bombyx	pa	26	1	586.6534	16402.27	compute-a-17-127.o2.rc.hms.harvard.edu	586.6	16793.996
bombyx	pa	27	1	680.8927	16402.29	compute-a-16-137.o2.rc.hms.harvard.edu	680.82	16794.02
bombyx	pa	28	1	769.5043	16402.28	compute-a-16-97.o2.rc.hms.harvard.edu	769.44	16794.004
bombyx	pa	29	1	597.0726	16402.29	compute-e-16-188.o2.rc.hms.harvard.edu	597.03	16794.016
bombyx	pa	30	1	844.0598	16402.29	compute-a-16-162.o2.rc.hms.harvard.edu	844	16794.012
bombyx	pa	31	1	666.5505	16402.28	compute-a-16-151.o2.rc.hms.harvard.edu	666.49	16794.02
bombyx	pa	32	1	676.378	16402.69	compute-a-17-106.o2.rc.hms.harvard.edu	676.32	16794.416
celegan	bc	11	1	225.686	703.49	compute-e-16-190.o2.rc.hms.harvard.edu	225.05	1087.528
celegan	bc	12	1	611.3309	1063.00	compute-e-16-240.o2.rc.hms.harvard.edu	609.13	1085.156
celegan	bc	13	1	1544.636	1184.75	compute-f-17-15.o2.rc.hms.harvard.edu	1530.48	1434.284
celegan	bc	14	1	2285.7917	2068.32	compute-e-16-186.o2.rc.hms.harvard.edu	2277.88	2688.5
celegan	bc	15	1	3040.6916	2845.82	compute-a-16-63.o2.rc.hms.harvard.edu	3035.24	3852.88
celegan	bc	16	1	3101.9514	3359.06	compute-f-17-12.o2.rc.hms.harvard.edu	3084.71	4672.576
celegan	bc	17	1	2792.604	4799.21	compute-e-16-189.o2.rc.hms.harvard.edu	2789.83	5173.168
celegan	bc	18	1	2725.1283	3762.63	compute-f-17-16.o2.rc.hms.harvard.edu	2720.02	5460.508
celegan	bc	19	1	2684.6696	3803.22	compute-e-16-193.o2.rc.hms.harvard.edu	2683.17	5621.972
celegan	bc	20	1	2575.1712	3794.61	compute-f-17-13.o2.rc.hms.harvard.edu	2572.78	5714.596
celegan	bc	21	1	2345.3042	3758.19	compute-e-16-184.o2.rc.hms.harvard.edu	2344.81	5770.852
celegan	bc	22	1	2417.9815	3715.78	compute-e-16-238.o2.rc.hms.harvard.edu	2417.44	5806.848
celegan	bc	23	1	2463.8007	4337.92	compute-f-17-13.o2.rc.hms.harvard.edu	2462.84	5831.984
celegan	bc	24	1	2348.2975	3644.78	compute-e-16-240.o2.rc.hms.harvard.edu	2347.95	5854
celegan	bc	25	1	2341.1718	3613.93	compute-e-16-183.o2.rc.hms.harvard.edu	2340.82	5870.316
celegan	bc	26	1	2258.4166	5388.98	compute-e-16-183.o2.rc.hms.harvard.edu	2258.11	5885.668
celegan	bc	27	1	2395.7531	3564.39	compute-e-16-239.o2.rc.hms.harvard.edu	2395.47	5899.38
celegan	bc	28	1	2166.594	3540.54	compute-e-16-185.o2.rc.hms.harvard.edu	2166.3	5912.024
celegan	bc	29	1	2349.2552	3519.19	compute-e-16-240.o2.rc.hms.harvard.edu	2348.97	5922.432
celegan	bc	30	1	2273.9355	3500.68	compute-f-17-16.o2.rc.hms.harvard.edu	2273.37	5932.516
celegan	bc	31	1	2452.299	3483.05	compute-a-16-44.o2.rc.hms.harvard.edu	2452.02	5944.568
celegan	bc	32	1	3984.8894	4321.14	compute-f-17-16.o2.rc.hms.harvard.edu	3983	7421.692
celegan	bc	11	4	174.3589	840.42	compute-e-16-241.o2.rc.hms.harvard.edu	173.79	1305.356
celegan	bc	12	4	418.2163	779.10	compute-e-16-190.o2.rc.hms.harvard.edu	415.74	794.824
celegan	bc	13	4	981.556	1289.81	compute-f-17-12.o2.rc.hms.harvard.edu	966.27	1317.384
celegan	bc	14	4	1435.9635	1339.23	compute-e-16-182.o2.rc.hms.harvard.edu	1430.54	1368.916
celegan	bc	15	4	1836.8748	1223.00	compute-f-17-13.o2.rc.hms.harvard.edu	1813.41	1413.192
celegan	bc	16	4	1561.0174	1286.45	compute-f-17-15.o2.rc.hms.harvard.edu	1544.95	1692.14
celegan	bc	17	4	1398.7999	1288.85	compute-a-16-77.o2.rc.hms.harvard.edu	1396.27	1395.92
celegan	bc	18	4	1144.4478	1296.00	compute-f-17-14.o2.rc.hms.harvard.edu	1138.9	1644.068
celegan	bc	19	4	903.7207	1286.19	compute-e-16-185.o2.rc.hms.harvard.edu	902.81	1666.672
celegan	bc	20	4	1023.5312	1296.59	compute-a-16-142.o2.rc.hms.harvard.edu	1022.44	1556.312
celegan	bc	21	4	909.1812	1275.28	compute-a-16-59.o2.rc.hms.harvard.edu	908.75	1373.808
celegan	bc	22	4	759.9484	1260.50	compute-e-16-192.o2.rc.hms.harvard.edu	759.49	1592.44
celegan	bc	23	4	874.818	1246.17	compute-e-16-187.o2.rc.hms.harvard.edu	874.5	1478.552
celegan	bc	24	4	777.7363	1231.55	compute-e-16-239.o2.rc.hms.harvard.edu	777.37	1589.052
celegan	bc	25	4	936.3231	1329.89	compute-a-17-85.o2.rc.hms.harvard.edu	935.67	1442.12
celegan	bc	26	4	793.4287	1210.41	compute-e-16-182.o2.rc.hms.harvard.edu	793.15	1748.144
celegan	bc	27	4	817.8232	1286.50	compute-a-16-59.o2.rc.hms.harvard.edu	817.54	1419.236
celegan	bc	28	4	680.4976	1293.86	compute-e-16-188.o2.rc.hms.harvard.edu	680.14	1644.68
celegan	bc	29	4	813.0176	1306.25	compute-a-16-59.o2.rc.hms.harvard.edu	812.72	1433.2
celegan	bc	30	4	774.2592	1198.95	compute-f-17-11.o2.rc.hms.harvard.edu	773.76	1701.392
celegan	bc	31	4	739.4909	1388.09	compute-e-16-240.o2.rc.hms.harvard.edu	739.25	1692.056
celegan	bc	32	4	1209.4784	1449.46	compute-e-16-185.o2.rc.hms.harvard.edu	1208.92	1905.092
celegan	pa	11	1	38.9489	99.47	compute-a-17-76.o2.rc.hms.harvard.edu	38.9	105.976
celegan	pa	12	1	39.7025	296.61	compute-a-16-111.o2.rc.hms.harvard.edu	38.93	338.612
celegan	pa	13	1	78.1522	972.81	compute-a-16-145.o2.rc.hms.harvard.edu	78.09	1009.072
celegan	pa	14	1	77.0535	1873.69	compute-e-16-242.o2.rc.hms.harvard.edu	77	2027.38
celegan	pa	15	1	125.0715	2441.06	compute-a-16-79.o2.rc.hms.harvard.edu	124.83	2497.712
celegan	pa	16	1	121.8819	2840.40	compute-a-16-171.o2.rc.hms.harvard.edu	121.79	2906.644
celegan	pa	17	1	184.9263	3996.37	compute-e-16-240.o2.rc.hms.harvard.edu	184.88	4090.356
celegan	pa	18	1	111.4125	3997.93	compute-e-16-180.o2.rc.hms.harvard.edu	111.36	4091.944
celegan	pa	19	1	150.0192	3885.68	compute-a-16-129.o2.rc.hms.harvard.edu	149.96	4091.684
celegan	pa	20	1	139.8567	3996.91	compute-a-16-151.o2.rc.hms.harvard.edu	139.78	4091.14
celegan	pa	21	1	129.9613	3997.41	compute-e-16-181.o2.rc.hms.harvard.edu	129.91	4091.42
celegan	pa	22	1	495.577	3998.27	compute-a-16-104.o2.rc.hms.harvard.edu	495.48	4092.316
celegan	pa	23	1	152.6178	3988.71	compute-f-17-16.o2.rc.hms.harvard.edu	152.57999999999998	4091.076
celegan	pa	24	1	146.422	3998.86	compute-e-16-185.o2.rc.hms.harvard.edu	146.37	4092.896
celegan	pa	25	1	159.7484	4007.34	compute-a-17-75.o2.rc.hms.harvard.edu	159.69	4101.584
celegan	pa	26	1	186.4321	4014.77	compute-e-16-188.o2.rc.hms.harvard.edu	186.38	4109.196
celegan	pa	27	1	156.5009	4021.44	compute-a-16-151.o2.rc.hms.harvard.edu	156.43	4116.02
celegan	pa	28	1	147.3227	4027.49	compute-e-16-188.o2.rc.hms.harvard.edu	147.28	4122.212
celegan	pa	29	1	134.6881	4033.05	compute-e-16-242.o2.rc.hms.harvard.edu	134.64	4127.916
celegan	pa	30	1	161.1834	4038.21	compute-e-16-239.o2.rc.hms.harvard.edu	161.05	4133.2
celegan	pa	31	1	158.4176	4043.00	compute-a-17-127.o2.rc.hms.harvard.edu	158.36	4138.096
celegan	pa	32	1	147.4157	4047.48	compute-f-17-09.o2.rc.hms.harvard.edu	147.37	4142.688
ecoli	bc	11	1	110.7481	200.87	compute-e-16-185.o2.rc.hms.harvard.edu	110.4	1140.488
ecoli	bc	12	1	169.4456	1088.05	compute-e-16-189.o2.rc.hms.harvard.edu	169.02	1110.792
ecoli	bc	13	1	178.153	315.07	compute-e-16-180.o2.rc.hms.harvard.edu	177.79	1102.32
ecoli	bc	14	1	163.3033	594.95	compute-e-16-186.o2.rc.hms.harvard.edu	162.98	1115.808
ecoli	bc	15	1	134.6859	331.48	compute-e-16-187.o2.rc.hms.harvard.edu	134.55	1099.884
ecoli	bc	16	1	126.3977	313.88	compute-e-16-240.o2.rc.hms.harvard.edu	126.25	1094.804
ecoli	bc	17	1	126.1262	1064.65	compute-e-16-238.o2.rc.hms.harvard.edu	126.04	1088.868
ecoli	bc	18	1	116.9596	305.06	compute-e-16-238.o2.rc.hms.harvard.edu	116.89	1055.596
ecoli	bc	19	1	120.7322	313.14	compute-f-17-16.o2.rc.hms.harvard.edu	120.64	875.176
ecoli	bc	20	1	116.7009	300.54	compute-e-16-239.o2.rc.hms.harvard.edu	116.62	783.7
ecoli	bc	21	1	102.194	292.63	compute-e-16-182.o2.rc.hms.harvard.edu	102.13	596.836
ecoli	bc	22	1	128.9108	295.20	compute-f-17-15.o2.rc.hms.harvard.edu	128.83	581.348
ecoli	bc	23	1	113.0921	291.00	compute-e-16-184.o2.rc.hms.harvard.edu	113.00999999999999	538.324
ecoli	bc	24	1	112.0174	287.86	compute-e-16-239.o2.rc.hms.harvard.edu	111.95	519.524
ecoli	bc	25	1	115.3001	286.20	compute-e-16-193.o2.rc.hms.harvard.edu	115.22	534.632
ecoli	bc	26	1	113.371	284.34	compute-e-16-182.o2.rc.hms.harvard.edu	113.15	528.576
ecoli	bc	27	1	121.3642	395.59	compute-a-17-59.o2.rc.hms.harvard.edu	121.28	485.684
ecoli	bc	28	1	113.5758	274.65	compute-e-16-181.o2.rc.hms.harvard.edu	113.49000000000001	484.564
ecoli	bc	29	1	114.5035	274.25	compute-e-16-240.o2.rc.hms.harvard.edu	114.42	449.416
ecoli	bc	30	1	110.5912	271.11	compute-e-16-180.o2.rc.hms.harvard.edu	110.52000000000001	474.78
ecoli	bc	31	1	101.5768	273.86	compute-e-16-188.o2.rc.hms.harvard.edu	101.49000000000001	456.432
ecoli	bc	32	1	204.3842	328.20	compute-e-16-184.o2.rc.hms.harvard.edu	204.31	456.972
ecoli	bc	11	4	95.6049	147.46	compute-e-16-182.o2.rc.hms.harvard.edu	95.11	243.836
ecoli	bc	12	4	113.8612	1121.89	compute-e-16-184.o2.rc.hms.harvard.edu	113.34	1145.432
ecoli	bc	13	4	115.9425	1109.00	compute-f-17-15.o2.rc.hms.harvard.edu	113.81	1132.232
ecoli	bc	14	4	72.31	239.24	compute-e-16-182.o2.rc.hms.harvard.edu	72.05	1152.68
ecoli	bc	15	4	57.3061	239.03	compute-e-16-182.o2.rc.hms.harvard.edu	57.18	1144.66
ecoli	bc	16	4	56.8274	1132.52	compute-a-16-134.o2.rc.hms.harvard.edu	56.68	1156.324
ecoli	bc	17	4	81.2239	228.25	compute-e-16-190.o2.rc.hms.harvard.edu	81.12	233.88
ecoli	bc	18	4	51.2344	217.43	compute-f-17-14.o2.rc.hms.harvard.edu	50.96	1107.176
ecoli	bc	19	4	46.2445	217.81	compute-f-17-16.o2.rc.hms.harvard.edu	46.06	1005.984
ecoli	bc	20	4	47.32	220.81	compute-e-16-241.o2.rc.hms.harvard.edu	47.26	796.68
ecoli	bc	21	4	42.1929	214.47	compute-e-16-188.o2.rc.hms.harvard.edu	42.11	736.052
ecoli	bc	22	4	43.6219	212.51	compute-f-17-16.o2.rc.hms.harvard.edu	43.56	619.596
ecoli	bc	23	4	42.176	210.55	compute-e-16-189.o2.rc.hms.harvard.edu	42.12	579.84
ecoli	bc	24	4	74.8536	237.15	compute-e-16-182.o2.rc.hms.harvard.edu	74.43	243.004
ecoli	bc	25	4	56.5805	203.21	compute-e-16-187.o2.rc.hms.harvard.edu	56.48	559.828
ecoli	bc	26	4	61.9903	155.24	compute-e-16-190.o2.rc.hms.harvard.edu	61.92	226.172
ecoli	bc	27	4	46.3091	202.96	compute-e-16-187.o2.rc.hms.harvard.edu	46.25	539.392
ecoli	bc	28	4	48.661	203.67	compute-a-17-121.o2.rc.hms.harvard.edu	48.61	469.436
ecoli	bc	29	4	44.5614	197.80	compute-a-16-132.o2.rc.hms.harvard.edu	44.48	339.004
ecoli	bc	30	4	46.6637	203.67	compute-a-16-59.o2.rc.hms.harvard.edu	46.61	478.512
ecoli	bc	31	4	44.4582	190.72	compute-e-16-180.o2.rc.hms.harvard.edu	44.4	496.02
ecoli	bc	32	4	68.9401	236.14	compute-e-16-187.o2.rc.hms.harvard.edu	68.83	480.94
ecoli	pa	11	1	2.6584	86.01	compute-e-16-180.o2.rc.hms.harvard.edu	2.62	87.08
ecoli	pa	12	1	4.463	146.78	compute-e-16-181.o2.rc.hms.harvard.edu	4.43	148.372
ecoli	pa	13	1	6.3452	177.43	compute-a-17-138.o2.rc.hms.harvard.edu	6.3	179.764
ecoli	pa	14	1	5.3188	191.19	compute-f-17-15.o2.rc.hms.harvard.edu	5.28	193.848
ecoli	pa	15	1	6.2306	243.26	compute-e-16-185.o2.rc.hms.harvard.edu	6.19	247.168
ecoli	pa	16	1	6.345	243.14	compute-e-16-185.o2.rc.hms.harvard.edu	6.31	247.056
ecoli	pa	17	1	5.6493	241.58	compute-a-16-111.o2.rc.hms.harvard.edu	5.6	245.448
ecoli	pa	18	1	5.9466	241.49	compute-e-16-188.o2.rc.hms.harvard.edu	5.91	245.352
ecoli	pa	19	1	5.7487	241.58	compute-a-17-68.o2.rc.hms.harvard.edu	5.7	245.448
ecoli	pa	20	1	5.6794	232.31	compute-e-16-185.o2.rc.hms.harvard.edu	5.64	247.18
ecoli	pa	21	1	6.5606	241.42	compute-e-16-184.o2.rc.hms.harvard.edu	6.52	245.28
ecoli	pa	22	1	5.5724	243.38	compute-e-16-193.o2.rc.hms.harvard.edu	5.54	247.292
ecoli	pa	23	1	5.1184	241.58	compute-e-16-180.o2.rc.hms.harvard.edu	5.08	245.448
ecoli	pa	24	1	5.2842	241.58	compute-f-17-13.o2.rc.hms.harvard.edu	5.24	245.448
ecoli	pa	25	1	6.6077	241.57	compute-e-16-180.o2.rc.hms.harvard.edu	6.57	245.436
ecoli	pa	26	1	6.1267	232.96	compute-f-17-12.o2.rc.hms.harvard.edu	6.09	245.448
ecoli	pa	27	1	6.1246	241.39	compute-e-16-242.o2.rc.hms.harvard.edu	6.09	245.256
ecoli	pa	28	1	7.3798	241.51	compute-e-16-186.o2.rc.hms.harvard.edu	7.34	245.384
ecoli	pa	29	1	6.1378	243.02	compute-e-16-193.o2.rc.hms.harvard.edu	6.1	246.916
ecoli	pa	30	1	6.5149	241.52	compute-a-17-68.o2.rc.hms.harvard.edu	6.46	245.388
ecoli	pa	31	1	6.2722	233.09	compute-f-17-12.o2.rc.hms.harvard.edu	6.23	245.448
ecoli	pa	32	1	6.0927	241.41	compute-e-16-241.o2.rc.hms.harvard.edu	6.05	245.448
hg38	bc	11	1	2925.8079	6454.14	compute-a-17-65.o2.rc.hms.harvard.edu	2925.3	6605.692
hg38	bc	12	1	3612.5319	6440.60	compute-a-16-46.o2.rc.hms.harvard.edu	3610	6591.996
hg38	bc	13	1	5123.7232	6442.69	compute-a-16-38.o2.rc.hms.harvard.edu	5116	6593.988
hg38	bc	14	1	10814.6084	6442.72	compute-a-16-37.o2.rc.hms.harvard.edu	10759	6593.964
hg38	bc	15	1	25919.6254	13793.15	compute-a-16-129.o2.rc.hms.harvard.edu	25342	15331.184
hg38	bc	16	1	52420.3788	26001.30	compute-a-17-81.o2.rc.hms.harvard.edu	52164	31160.328
hg38	bc	17	1	82977.823	40454.72	compute-a-16-45.o2.rc.hms.harvard.edu	82724	42610.456
hg38	bc	18	1	78008.5167	42934.93	compute-f-17-20.o2.rc.hms.harvard.edu	77317	49478.552
hg38	bc	19	1	108458.1331	46104.74	compute-a-17-107.o2.rc.hms.harvard.edu	108218	51168.7
hg38	bc	20	1	69208.8747	50938.05	compute-e-16-250.o2.rc.hms.harvard.edu	69153	52269.784
hg38	bc	21	1	69794.7745	49527.96	compute-a-16-72.o2.rc.hms.harvard.edu	69764	52880.596
hg38	bc	22	1	62425.4004	47857.79	compute-f-17-19.o2.rc.hms.harvard.edu	62362	53326.004
hg38	bc	23	1	75911.997	52200.92	compute-a-16-153.o2.rc.hms.harvard.edu	75898	53681.704
hg38	bc	24	1	70630.1129	51449.13	compute-a-16-153.o2.rc.hms.harvard.edu	70617	54000.708
hg38	bc	25	1	70355.0934	50783.20	compute-a-17-131.o2.rc.hms.harvard.edu	70344	54282.908
hg38	bc	26	1	71224.7753	49101.30	compute-a-17-117.o2.rc.hms.harvard.edu	71213	54538.544
hg38	bc	27	1	72612.0336	48384.45	compute-a-16-135.o2.rc.hms.harvard.edu	72600	54774.412
hg38	bc	28	1	71469.7395	50880.75	compute-a-16-71.o2.rc.hms.harvard.edu	71458	54989.304
hg38	bc	29	1	77725.0441	53149.16	compute-a-17-105.o2.rc.hms.harvard.edu	77714	55195.556
hg38	bc	30	1	58555.5955	53528.02	compute-e-16-251.o2.rc.hms.harvard.edu	58545	55377.072
hg38	bc	31	1	72075.9872	49653.17	compute-a-17-71.o2.rc.hms.harvard.edu	72066	55544.452
hg38	bc	32	1	94833.4313	33941.20	compute-e-16-212.o2.rc.hms.harvard.edu	94824	35494.476
hg38	bc	11	4	2610.827	6442.26	compute-e-16-183.o2.rc.hms.harvard.edu	2610.04	6605.864
hg38	bc	12	4	2748.3322	6453.20	compute-e-16-188.o2.rc.hms.harvard.edu	2746.24	6604.924
hg38	bc	13	4	4184.5639	6453.68	compute-a-16-148.o2.rc.hms.harvard.edu	4167	6605.18
hg38	bc	14	4	7584.3333	6438.69	compute-a-17-134.o2.rc.hms.harvard.edu	7534	6590.408
hg38	bc	15	4	16520.9074	6439.05	compute-a-17-103.o2.rc.hms.harvard.edu	16426	7166.884
hg38	bc	16	4	30254.2167	8280.94	compute-e-16-184.o2.rc.hms.harvard.edu	30030	10563.304
hg38	bc	17	4	50392.3878	13277.48	compute-a-16-95.o2.rc.hms.harvard.edu	50109	13592.772
hg38	bc	18	4	51254.0479	13267.03	compute-a-17-76.o2.rc.hms.harvard.edu	51021	13582.144
hg38	bc	19	4	38513.3935	9343.68	compute-h-17-54.o2.rc.hms.harvard.edu	38401	9564.556
hg38	bc	20	4	25480.92	8453.95	compute-e-16-181.o2.rc.hms.harvard.edu	25386	13713.924
hg38	bc	21	4	27317.4381	10025.54	compute-a-17-90.o2.rc.hms.harvard.edu	27265	11159.072
hg38	bc	22	4	26131.1743	8681.11	compute-a-17-133.o2.rc.hms.harvard.edu	26106	12520.888
hg38	bc	23	4	22407.3326	8600.12	compute-e-16-239.o2.rc.hms.harvard.edu	22394	13033.028
hg38	bc	24	4	22830.5856	9264.37	compute-e-16-193.o2.rc.hms.harvard.edu	22818	12106.712
hg38	bc	25	4	20186.7192	10259.52	compute-e-16-188.o2.rc.hms.harvard.edu	20175	13529.228
hg38	bc	26	4	22268.0477	11884.83	compute-e-16-243.o2.rc.hms.harvard.edu	22258	12268.816
hg38	bc	27	4	23269.973	11430.70	compute-h-17-55.o2.rc.hms.harvard.edu	23257	12148.448
hg38	bc	28	4	24420.8858	8554.91	compute-a-17-78.o2.rc.hms.harvard.edu	24404	11468.18
hg38	bc	29	4	23037.6944	8441.09	compute-f-17-14.o2.rc.hms.harvard.edu	22997	12347.916
hg38	bc	30	4	23462.1056	10825.36	compute-a-16-98.o2.rc.hms.harvard.edu	23453	11829.66
hg38	bc	31	4	23989.0262	8500.38	compute-a-16-89.o2.rc.hms.harvard.edu	23979	10683.064
hg38	bc	32	4	34147.8397	10248.39	compute-e-16-189.o2.rc.hms.harvard.edu	34138	10491.236
hg38	pa	11	1	747.0795	322.48	compute-e-16-186.o2.rc.hms.harvard.edu	747.02	328.288
hg38	pa	12	1	959.8089	564.21	compute-a-16-95.o2.rc.hms.harvard.edu	959.75	575.828
hg38	pa	13	1	1191.6863	1507.24	compute-h-17-50.o2.rc.hms.harvard.edu	1191.63	1541.636
hg38	pa	14	1	1422.8334	4861.38	compute-e-16-242.o2.rc.hms.harvard.edu	1422.77	4977.912
hg38	pa	15	1	1846.7182	16625.27	compute-e-16-182.o2.rc.hms.harvard.edu	1846.63	17022.356
hg38	pa	16	1	2900.8276	34208.82	compute-e-16-242.o2.rc.hms.harvard.edu	2900.77	35075.696
hg38	pa	17	1	4350.7792	67803.18	compute-h-17-51.o2.rc.hms.harvard.edu	4350	69428.54
hg38	pa	18	1	5192.6741	75656.86	compute-h-17-50.o2.rc.hms.harvard.edu	5192	77541.708
hg38	pa	19	1	7339.3495	82836.59	compute-a-17-127.o2.rc.hms.harvard.edu	7339	85004.08
hg38	pa	20	1	5425.408	86437.94	compute-h-17-51.o2.rc.hms.harvard.edu	5425	88731.904
hg38	pa	21	1	5409.8235	88587.12	compute-h-17-51.o2.rc.hms.harvard.edu	5409	90767.616
hg38	pa	22	1	5141.808	89726.62	compute-h-17-50.o2.rc.hms.harvard.edu	5141	92099.164
hg38	pa	23	1	5777.7194	90917.07	compute-h-17-54.o2.rc.hms.harvard.edu	5777	93124.664
hg38	pa	24	1	6052.3879	91585.70	compute-h-17-54.o2.rc.hms.harvard.edu	6052	94002.304
hg38	pa	25	1	5353.9635	92353.13	compute-h-17-54.o2.rc.hms.harvard.edu	5353	94787.228
hg38	pa	26	1	7343.5288	93058.21	compute-a-17-111.o2.rc.hms.harvard.edu	7343	95509.172
hg38	pa	27	1	7243.0564	93713.22	compute-e-16-188.o2.rc.hms.harvard.edu	7242	96180.228
hg38	pa	28	1	6839.3134	94325.50	compute-e-16-243.o2.rc.hms.harvard.edu	6839	96808.784
hg38	pa	29	1	5844.366	95042.49	compute-h-17-50.o2.rc.hms.harvard.edu	5844	97396.024
hg38	pa	30	1	8564.2443	95484.46	compute-a-17-132.o2.rc.hms.harvard.edu	8564	97953.124
hg38	pa	31	1	6917.0899	95955.97	compute-a-16-123.o2.rc.hms.harvard.edu	6916	98477.92
hg38	pa	32	1	7934.7166	96442.53	compute-a-17-122.o2.rc.hms.harvard.edu	7934	98975.328
spneumoniae	bc	11	1	77.8738	187.29	compute-e-16-240.o2.rc.hms.harvard.edu	77.61	1110
spneumoniae	bc	12	1	88.5948	1095.59	compute-e-16-241.o2.rc.hms.harvard.edu	88.32	1118.508
spneumoniae	bc	13	1	94.247	177.17	compute-f-17-13.o2.rc.hms.harvard.edu	94.05	1095.944
spneumoniae	bc	14	1	69.828	177.57	compute-e-16-189.o2.rc.hms.harvard.edu	69.66	1119.124
spneumoniae	bc	15	1	62.0898	175.37	compute-e-16-241.o2.rc.hms.harvard.edu	61.99	894.068
spneumoniae	bc	16	1	65.6446	172.72	compute-e-16-182.o2.rc.hms.harvard.edu	65.58	596.556
spneumoniae	bc	17	1	55.3857	406.70	compute-e-16-188.o2.rc.hms.harvard.edu	55.33	486.912
spneumoniae	bc	18	1	59.1206	169.49	compute-f-17-12.o2.rc.hms.harvard.edu	58.88	412.08
spneumoniae	bc	19	1	59.1008	190.25	compute-e-16-182.o2.rc.hms.harvard.edu	59.05	412.112
spneumoniae	bc	20	1	57.3971	165.54	compute-e-16-239.o2.rc.hms.harvard.edu	57.32	393.204
spneumoniae	bc	21	1	53.8743	333.59	compute-e-16-188.o2.rc.hms.harvard.edu	53.81	377.196
spneumoniae	bc	22	1	52.8567	189.15	compute-e-16-188.o2.rc.hms.harvard.edu	52.8	370.524
spneumoniae	bc	23	1	58.2943	180.66	compute-e-16-238.o2.rc.hms.harvard.edu	58.24	349.08
spneumoniae	bc	24	1	55.7385	161.82	compute-e-16-241.o2.rc.hms.harvard.edu	55.68	332.62
spneumoniae	bc	25	1	55.452	159.86	compute-e-16-183.o2.rc.hms.harvard.edu	55.39	315.664
spneumoniae	bc	26	1	52.7109	221.07	compute-e-16-188.o2.rc.hms.harvard.edu	52.64	315.816
spneumoniae	bc	27	1	53.8263	158.03	compute-e-16-241.o2.rc.hms.harvard.edu	53.76	298.444
spneumoniae	bc	28	1	55.672	191.39	compute-e-16-239.o2.rc.hms.harvard.edu	55.61	293.144
spneumoniae	bc	29	1	66.1238	184.38	compute-f-17-11.o2.rc.hms.harvard.edu	66.05	300.604
spneumoniae	bc	30	1	56.5288	181.64	compute-e-16-187.o2.rc.hms.harvard.edu	56.47	289.936
spneumoniae	bc	31	1	50.3436	156.31	compute-e-16-188.o2.rc.hms.harvard.edu	50.29	266.928
spneumoniae	bc	32	1	106.4135	201.63	compute-e-16-186.o2.rc.hms.harvard.edu	106.35	308.992
spneumoniae	bc	11	4	58.8228	197.74	compute-a-16-136.o2.rc.hms.harvard.edu	58.56	1081.012
spneumoniae	bc	12	4	59.8384	201.38	compute-a-16-155.o2.rc.hms.harvard.edu	59.54	1129.568
spneumoniae	bc	13	4	50.5205	202.53	compute-f-17-12.o2.rc.hms.harvard.edu	50.36	645.796
spneumoniae	bc	14	4	37.9974	191.18	compute-a-16-87.o2.rc.hms.harvard.edu	37.86	1139.724
spneumoniae	bc	15	4	34.7312	191.70	compute-a-16-108.o2.rc.hms.harvard.edu	34.63	913.704
spneumoniae	bc	16	4	34.8794	184.58	compute-a-16-132.o2.rc.hms.harvard.edu	34.81	227.964
spneumoniae	bc	17	4	34.5084	184.28	compute-e-16-187.o2.rc.hms.harvard.edu	34.45	539.616
spneumoniae	bc	18	4	27.0059	188.15	compute-e-16-189.o2.rc.hms.harvard.edu	26.95	466.268
spneumoniae	bc	19	4	27.7806	181.54	compute-a-16-59.o2.rc.hms.harvard.edu	27.65	501.864
spneumoniae	bc	20	4	30.4176	186.49	compute-a-17-121.o2.rc.hms.harvard.edu	30.29	407.328
spneumoniae	bc	21	4	26.2778	179.16	compute-e-16-238.o2.rc.hms.harvard.edu	26.23	378.752
spneumoniae	bc	22	4	25.751	182.61	compute-e-16-180.o2.rc.hms.harvard.edu	25.7	371.892
spneumoniae	bc	23	4	41.3082	156.99	compute-e-16-192.o2.rc.hms.harvard.edu	39.73	184.836
spneumoniae	bc	24	4	24.6235	188.06	compute-e-16-191.o2.rc.hms.harvard.edu	24.58	353.888
spneumoniae	bc	25	4	30.2396	171.99	compute-e-16-185.o2.rc.hms.harvard.edu	30.18	378.084
spneumoniae	bc	26	4	25.3923	175.29	compute-e-16-191.o2.rc.hms.harvard.edu	25.33	340.3
spneumoniae	bc	27	4	23.4899	171.06	compute-f-17-14.o2.rc.hms.harvard.edu	23.45	371.548
spneumoniae	bc	28	4	28.5903	175.41	compute-a-16-136.o2.rc.hms.harvard.edu	28.55	340.076
spneumoniae	bc	29	4	24.8601	169.90	compute-f-17-14.o2.rc.hms.harvard.edu	24.81	367.28
spneumoniae	bc	30	4	24.1678	168.41	compute-e-16-189.o2.rc.hms.harvard.edu	24.11	345.652
spneumoniae	bc	31	4	25.7158	166.86	compute-e-16-186.o2.rc.hms.harvard.edu	25.64	330.376
spneumoniae	bc	32	4	36.3668	183.36	compute-a-16-134.o2.rc.hms.harvard.edu	36.3	317.928
spneumoniae	pa	11	1	1.5885	63.53	compute-e-16-239.o2.rc.hms.harvard.edu	1.55	63.388
spneumoniae	pa	12	1	3.6982	90.22	compute-a-16-163.o2.rc.hms.harvard.edu	3.63	91.624
spneumoniae	pa	13	1	2.5801	99.66	compute-e-16-239.o2.rc.hms.harvard.edu	2.55	101.516
spneumoniae	pa	14	1	2.3851	105.39	compute-e-16-188.o2.rc.hms.harvard.edu	2.35	105.992
spneumoniae	pa	15	1	2.4798	106.23	compute-f-17-12.o2.rc.hms.harvard.edu	2.44	106.848
spneumoniae	pa	16	1	2.4194	105.98	compute-e-16-184.o2.rc.hms.harvard.edu	2.38	106.592
spneumoniae	pa	17	1	3.0756	104.99	compute-e-16-242.o2.rc.hms.harvard.edu	3.02	106.44
spneumoniae	pa	18	1	2.4224	107.16	compute-e-16-191.o2.rc.hms.harvard.edu	2.39	107.804
spneumoniae	pa	19	1	2.2644	107.54	compute-e-16-187.o2.rc.hms.harvard.edu	2.23	108.192
spneumoniae	pa	20	1	2.169	107.73	compute-e-16-243.o2.rc.hms.harvard.edu	2.14	108.38
spneumoniae	pa	21	1	3.5827	105.75	compute-f-17-11.o2.rc.hms.harvard.edu	3.55	106.732
spneumoniae	pa	22	1	2.4254	105.64	compute-f-17-12.o2.rc.hms.harvard.edu	2.39	108.54
spneumoniae	pa	23	1	2.6833	106.79	compute-f-17-16.o2.rc.hms.harvard.edu	2.64	107.42
spneumoniae	pa	24	1	2.5325	105.63	compute-f-17-14.o2.rc.hms.harvard.edu	2.49	108.664
spneumoniae	pa	25	1	2.8175	106.22	compute-e-16-243.o2.rc.hms.harvard.edu	2.78	106.84
spneumoniae	pa	26	1	2.0126	105.23	compute-e-16-187.o2.rc.hms.harvard.edu	1.98	108.664
spneumoniae	pa	27	1	2.8329	106.22	compute-f-17-11.o2.rc.hms.harvard.edu	2.79	107.036
spneumoniae	pa	28	1	2.909	105.99	compute-f-17-11.o2.rc.hms.harvard.edu	2.85	107.08
spneumoniae	pa	29	1	2.8258	106.01	compute-e-16-182.o2.rc.hms.harvard.edu	2.79	109.016
spneumoniae	pa	30	1	3.2735	107.23	compute-e-16-189.o2.rc.hms.harvard.edu	3.24	107.872
spneumoniae	pa	31	1	2.7585	123.50	compute-e-16-243.o2.rc.hms.harvard.edu	2.72	124.54
spneumoniae	pa	32	1	3.0166	124.37	compute-f-17-14.o2.rc.hms.harvard.edu	2.96	125.592
yeast	bc	11	1	153.4134	199.70	compute-f-17-16.o2.rc.hms.harvard.edu	152.23	1104.132
yeast	bc	12	1	270.918	373.11	compute-e-16-190.o2.rc.hms.harvard.edu	269.86	1143.712
yeast	bc	13	1	399.4235	511.09	compute-e-16-182.o2.rc.hms.harvard.edu	398.52	1130.512
yeast	bc	14	1	355.0702	1119.80	compute-e-16-188.o2.rc.hms.harvard.edu	353.6	1144.496
yeast	bc	15	1	307.8734	592.46	compute-e-16-188.o2.rc.hms.harvard.edu	307.61	1117.24
yeast	bc	16	1	302.7414	1101.48	compute-e-16-186.o2.rc.hms.harvard.edu	302.49	1124.556
yeast	bc	17	1	279.1266	1126.69	compute-e-16-183.o2.rc.hms.harvard.edu	279.03	1150.364
yeast	bc	18	1	263.038	572.59	compute-e-16-181.o2.rc.hms.harvard.edu	262.94	1148.892
yeast	bc	19	1	249.1829	565.24	compute-e-16-188.o2.rc.hms.harvard.edu	249.05	1107.004
yeast	bc	20	1	270.9667	762.96	compute-f-17-14.o2.rc.hms.harvard.edu	270.8	1110.168
yeast	bc	21	1	261.3588	1026.03	compute-e-16-183.o2.rc.hms.harvard.edu	261.23	1082.396
yeast	bc	22	1	229.008	662.84	compute-e-16-188.o2.rc.hms.harvard.edu	228.9	1059.292
yeast	bc	23	1	256.8281	956.07	compute-e-16-241.o2.rc.hms.harvard.edu	256.71	1002.584
yeast	bc	24	1	263.7805	528.43	compute-e-16-238.o2.rc.hms.harvard.edu	263.66	989.556
yeast	bc	25	1	288.4553	523.73	compute-e-16-186.o2.rc.hms.harvard.edu	287.96	813.272
yeast	bc	26	1	253.8359	830.23	compute-e-16-241.o2.rc.hms.harvard.edu	253.72	902.332
yeast	bc	27	1	257.7728	516.05	compute-e-16-241.o2.rc.hms.harvard.edu	257.64	831.02
yeast	bc	28	1	238.0112	510.87	compute-e-16-190.o2.rc.hms.harvard.edu	237.88	813.868
yeast	bc	29	1	257.8364	508.64	compute-e-16-183.o2.rc.hms.harvard.edu	257.72	814.028
yeast	bc	30	1	242.5943	504.36	compute-e-16-188.o2.rc.hms.harvard.edu	242.49	814.264
yeast	bc	31	1	245.4285	503.40	compute-e-16-188.o2.rc.hms.harvard.edu	245.3	814.268
yeast	bc	32	1	480.2688	613.29	compute-e-16-241.o2.rc.hms.harvard.edu	480.14	990.464
yeast	bc	11	4	94.2897	220.23	compute-e-16-241.o2.rc.hms.harvard.edu	93.85	1164.74
yeast	bc	12	4	203.9095	197.59	compute-a-16-50.o2.rc.hms.harvard.edu	203	1134.4
yeast	bc	13	4	269.0864	1158.35	compute-f-17-16.o2.rc.hms.harvard.edu	265.04	1182.78
yeast	bc	14	4	205.6178	334.55	compute-e-16-184.o2.rc.hms.harvard.edu	204.61	1155.84
yeast	bc	15	4	136.1018	254.75	compute-e-16-190.o2.rc.hms.harvard.edu	135.67	1167.208
yeast	bc	16	4	119.231	322.16	compute-e-16-180.o2.rc.hms.harvard.edu	118.99000000000001	1148.668
yeast	bc	17	4	111.0845	315.24	compute-a-17-87.o2.rc.hms.harvard.edu	110.96000000000001	1130.508
yeast	bc	18	4	96.9567	311.45	compute-e-16-189.o2.rc.hms.harvard.edu	96.85	1131.856
yeast	bc	19	4	92.6591	313.11	compute-e-16-192.o2.rc.hms.harvard.edu	92.53	1127.5
yeast	bc	20	4	90.8772	309.24	compute-e-16-238.o2.rc.hms.harvard.edu	90.65	1134.388
yeast	bc	21	4	94.0786	309.45	compute-e-16-186.o2.rc.hms.harvard.edu	93.88	1143.188
yeast	bc	22	4	102.2868	236.13	compute-a-16-99.o2.rc.hms.harvard.edu	102.17	1077.588
yeast	bc	23	4	108.742	268.26	compute-a-17-85.o2.rc.hms.harvard.edu	108.50999999999999	1047.468
yeast	bc	24	4	108.3242	325.34	compute-e-16-192.o2.rc.hms.harvard.edu	108.19	330.432
yeast	bc	25	4	84.7915	822.50	compute-e-16-188.o2.rc.hms.harvard.edu	84.69	986.752
yeast	bc	26	4	91.1234	291.43	compute-a-16-87.o2.rc.hms.harvard.edu	91.03	909.28
yeast	bc	27	4	90.7401	272.52	compute-a-16-155.o2.rc.hms.harvard.edu	90.6	875.184
yeast	bc	28	4	87.2104	284.57	compute-e-16-240.o2.rc.hms.harvard.edu	87.1	860.184
yeast	bc	29	4	94.4942	261.93	compute-f-17-16.o2.rc.hms.harvard.edu	94.24000000000001	853.912
yeast	bc	30	4	98.7515	282.16	compute-a-17-104.o2.rc.hms.harvard.edu	98.53999999999999	740.268
yeast	bc	31	4	83.4534	725.88	compute-e-16-192.o2.rc.hms.harvard.edu	83.34	787.324
yeast	bc	32	4	175.6867	368.71	compute-e-16-187.o2.rc.hms.harvard.edu	175.55	790.716
yeast	pa	11	1	3.8452	98.88	compute-e-16-188.o2.rc.hms.harvard.edu	3.81	99.316
yeast	pa	12	1	8.1032	239.82	compute-a-16-66.o2.rc.hms.harvard.edu	8.06	243.648
yeast	pa	13	1	11.3484	339.58	compute-e-16-242.o2.rc.hms.harvard.edu	11.32	345.796
yeast	pa	14	1	11.9819	479.42	compute-e-16-180.o2.rc.hms.harvard.edu	11.94	488.992
yeast	pa	15	1	16.986	498.62	compute-a-17-76.o2.rc.hms.harvard.edu	16.93	508.656
yeast	pa	16	1	18.0759	508.35	compute-a-16-111.o2.rc.hms.harvard.edu	18.03	518.612
yeast	pa	17	1	18.0302	511.85	compute-e-16-185.o2.rc.hms.harvard.edu	17.99	522.204
yeast	pa	18	1	13.2853	513.29	compute-f-17-12.o2.rc.hms.harvard.edu	13.25	523.676
yeast	pa	19	1	15.145	513.99	compute-e-16-193.o2.rc.hms.harvard.edu	15.11	524.396
yeast	pa	20	1	15.3417	514.43	compute-a-17-67.o2.rc.hms.harvard.edu	15.29	524.848
yeast	pa	21	1	16.1339	514.77	compute-e-16-239.o2.rc.hms.harvard.edu	16.1	525.192
yeast	pa	22	1	15.8989	515.03	compute-e-16-243.o2.rc.hms.harvard.edu	15.86	525.464
yeast	pa	23	1	14.6033	515.27	compute-e-16-193.o2.rc.hms.harvard.edu	14.56	525.704
yeast	pa	24	1	17.2224	515.48	compute-e-16-192.o2.rc.hms.harvard.edu	17.19	525.92
yeast	pa	25	1	17.1184	515.67	compute-e-16-184.o2.rc.hms.harvard.edu	17.08	526.116
yeast	pa	26	1	18.5462	515.85	compute-a-16-88.o2.rc.hms.harvard.edu	18.49	526.292
yeast	pa	27	1	16.4597	516.00	compute-e-16-192.o2.rc.hms.harvard.edu	16.41	526.46
yeast	pa	28	1	14.9987	516.16	compute-f-17-15.o2.rc.hms.harvard.edu	14.96	526.616
yeast	pa	29	1	24.8206	515.95	compute-a-16-136.o2.rc.hms.harvard.edu	24.75	526.76
yeast	pa	30	1	16.1315	516.44	compute-e-16-240.o2.rc.hms.harvard.edu	16.1	526.9
yeast	pa	31	1	19.0502	516.57	compute-e-16-242.o2.rc.hms.harvard.edu	19	527.032
yeast	pa	32	1	17.777	516.69	compute-a-17-112.o2.rc.hms.harvard.edu	17.72	527.156
